{"0":[{"acc":0.6221,"class":5},{"acc":0.443,"class":6},{"acc":0.7661,"class":4},{"acc":0.3824,"class":4},{"acc":0.5096,"class":4},{"acc":0.4618,"class":0},{"acc":0.2476,"class":6},{"acc":0.2289,"class":0},{"acc":0.4899,"class":0},{"acc":0.4274,"class":3},{"acc":0.4396,"class":1},{"acc":0.7509,"class":1},{"acc":0.2534,"class":1},{"acc":0.7585,"class":1},{"acc":0.337,"class":0},{"acc":0.5578,"class":6},{"acc":0.8871,"class":1},{"acc":0.4781,"class":5},{"acc":0.9498,"class":1},{"acc":0.3495,"class":0},{"acc":0.6333,"class":4},{"acc":0.2762,"class":0},{"acc":0.5501,"class":0},{"acc":0.7101,"class":6},{"acc":0.3279,"class":4},{"acc":0.3663,"class":2},{"acc":0.3213,"class":5},{"acc":0.4494,"class":0},{"acc":0.3305,"class":0},{"acc":0.4278,"class":0},{"acc":0.3582,"class":1},{"acc":0.3021,"class":4},{"acc":0.7853,"class":5},{"acc":0.5,"class":0},{"acc":0.5088,"class":0},{"acc":0.992,"class":0},{"acc":0.446,"class":6},{"acc":0.9641,"class":0},{"acc":0.2948,"class":0},{"acc":0.3393,"class":2},{"acc":0.2455,"class":2},{"acc":0.5853,"class":4},{"acc":0.5744,"class":4},{"acc":0.9519,"class":1},{"acc":0.9725,"class":1},{"acc":0.3048,"class":2},{"acc":0.4396,"class":4},{"acc":0.7307,"class":1},{"acc":0.3647,"class":0},{"acc":0.4464,"class":4}],"1":[{"acc":0.4486,"class":1},{"acc":0.9979,"class":1},{"acc":0.9776,"class":1},{"acc":0.956,"class":1},{"acc":0.9976,"class":1},{"acc":0.9776,"class":1},{"acc":0.8751,"class":1},{"acc":0.7941,"class":1},{"acc":0.2597,"class":6},{"acc":0.6052,"class":1},{"acc":0.7363,"class":1},{"acc":0.4832,"class":1},{"acc":0.3903,"class":4},{"acc":0.8915,"class":1},{"acc":0.6062,"class":0},{"acc":0.9105,"class":1},{"acc":0.6833,"class":1},{"acc":0.9182,"class":1},{"acc":0.7926,"class":1},{"acc":0.7529,"class":1},{"acc":0.9679,"class":1},{"acc":0.6364,"class":5},{"acc":0.377,"class":6},{"acc":0.41,"class":1},{"acc":0.3444,"class":1},{"acc":0.2535,"class":5},{"acc":0.4419,"class":0},{"acc":0.4611,"class":0},{"acc":0.2395,"class":1},{"acc":0.4044,"class":1},{"acc":0.9104,"class":1},{"acc":0.6161,"class":0},{"acc":0.3438,"class":1},{"acc":0.9999,"class":1},{"acc":0.9593,"class":1},{"acc":0.9735,"class":1},{"acc":0.8724,"class":3},{"acc":0.954,"class":1},{"acc":0.9854,"class":1},{"acc":0.9479,"class":1},{"acc":0.7301,"class":1},{"acc":0.9698,"class":1},{"acc":0.8625,"class":1},{"acc":0.7575,"class":1},{"acc":0.9447,"class":1},{"acc":0.3551,"class":4},{"acc":0.8683,"class":1},{"acc":0.2387,"class":1},{"acc":0.3686,"class":1},{"acc":0.6155,"class":3}],"2":[{"acc":0.5789,"class":4},{"acc":0.8318,"class":6},{"acc":0.428,"class":4},{"acc":0.586,"class":2},{"acc":0.2653,"class":6},{"acc":0.4855,"class":1},{"acc":0.5441,"class":2},{"acc":0.7031,"class":4},{"acc":0.5459,"class":6},{"acc":0.3416,"class":4},{"acc":0.2598,"class":2},{"acc":0.375,"class":0},{"acc":0.5447,"class":4},{"acc":0.5658,"class":5},{"acc":0.4847,"class":0},{"acc":1,"class":5},{"acc":0.3064,"class":5},{"acc":0.5842,"class":1},{"acc":0.9056,"class":5},{"acc":0.5346,"class":6},{"acc":0.311,"class":4},{"acc":0.6682,"class":2},{"acc":0.4745,"class":5},{"acc":0.4096,"class":0},{"acc":0.7064,"class":6},{"acc":0.461,"class":3},{"acc":0.9369,"class":3},{"acc":0.5118,"class":4},{"acc":0.4158,"class":1},{"acc":0.2764,"class":4},{"acc":0.2421,"class":0},{"acc":0.6188,"class":5},{"acc":0.9289,"class":5},{"acc":0.2996,"class":4},{"acc":0.461,"class":6},{"acc":0.9962,"class":5},{"acc":0.9945,"class":5},{"acc":0.6072,"class":3},{"acc":0.7112,"class":5},{"acc":0.5936,"class":2},{"acc":0.8983,"class":2},{"acc":0.8068,"class":5},{"acc":0.9852,"class":5},{"acc":0.6697,"class":2},{"acc":0.3215,"class":0},{"acc":0.7507,"class":3},{"acc":0.5739,"class":2},{"acc":0.5026,"class":4},{"acc":0.28,"class":4},{"acc":0.2165,"class":0}],"3":[{"acc":0.2795,"class":2},{"acc":0.4388,"class":4},{"acc":0.5924,"class":5},{"acc":0.9934,"class":3},{"acc":0.9902,"class":3},{"acc":0.6655,"class":6},{"acc":0.3444,"class":0},{"acc":0.2816,"class":4},{"acc":0.8987,"class":3},{"acc":0.3015,"class":3},{"acc":0.9922,"class":3},{"acc":0.8952,"class":3},{"acc":0.9344,"class":3},{"acc":0.8599,"class":3},{"acc":0.7943,"class":3},{"acc":0.9459,"class":3},{"acc":0.9974,"class":3},{"acc":0.3172,"class":4},{"acc":0.7116,"class":4},{"acc":0.985,"class":3},{"acc":0.9371,"class":3},{"acc":0.664,"class":3},{"acc":0.4108,"class":2},{"acc":0.4771,"class":3},{"acc":0.35,"class":0},{"acc":0.4198,"class":4},{"acc":0.379,"class":6},{"acc":0.7212,"class":4},{"acc":0.9606,"class":3},{"acc":0.4701,"class":4},{"acc":0.8985,"class":3},{"acc":0.9928,"class":3},{"acc":1,"class":3},{"acc":0.9548,"class":3},{"acc":0.9901,"class":3},{"acc":0.3071,"class":4},{"acc":0.2466,"class":2},{"acc":0.8501,"class":3},{"acc":0.9997,"class":3},{"acc":0.822,"class":3},{"acc":0.9747,"class":3},{"acc":0.458,"class":0},{"acc":0.5542,"class":6},{"acc":0.2417,"class":4},{"acc":0.9626,"class":3},{"acc":0.9922,"class":3},{"acc":0.9832,"class":3},{"acc":0.922,"class":3},{"acc":0.313,"class":3},{"acc":0.3568,"class":4}],"4":[{"acc":0.4542,"class":3},{"acc":0.2542,"class":6},{"acc":0.2696,"class":1},{"acc":0.6892,"class":4},{"acc":0.3825,"class":4},{"acc":0.4085,"class":4},{"acc":0.7515,"class":4},{"acc":0.442,"class":6},{"acc":0.5791,"class":3},{"acc":0.3744,"class":6},{"acc":0.2548,"class":4},{"acc":0.603,"class":4},{"acc":0.3481,"class":2},{"acc":0.3567,"class":0},{"acc":0.2303,"class":6},{"acc":0.8227,"class":6},{"acc":0.4002,"class":3},{"acc":0.337,"class":4},{"acc":0.4135,"class":0},{"acc":0.6125,"class":0},{"acc":0.4749,"class":4},{"acc":0.9743,"class":4},{"acc":0.4067,"class":6},{"acc":0.4879,"class":6},{"acc":0.2968,"class":4},{"acc":0.5167,"class":0},{"acc":0.3399,"class":4},{"acc":0.3782,"class":0},{"acc":0.2472,"class":6},{"acc":0.3019,"class":4},{"acc":0.3959,"class":4},{"acc":0.3069,"class":4},{"acc":0.4744,"class":4},{"acc":0.4361,"class":6},{"acc":0.7399,"class":4},{"acc":0.4997,"class":4},{"acc":0.3522,"class":4},{"acc":0.4042,"class":4},{"acc":0.2336,"class":4},{"acc":0.2137,"class":0},{"acc":0.7743,"class":4},{"acc":0.6843,"class":4},{"acc":0.4742,"class":4},{"acc":0.2638,"class":1},{"acc":0.4135,"class":6},{"acc":0.4311,"class":6},{"acc":0.3999,"class":4},{"acc":0.2814,"class":2},{"acc":0.2899,"class":2},{"acc":0.3014,"class":3}],"5":[{"acc":0.7754,"class":5},{"acc":0.9979,"class":5},{"acc":0.3152,"class":4},{"acc":0.9961,"class":5},{"acc":0.9996,"class":5},{"acc":0.2824,"class":5},{"acc":0.2418,"class":1},{"acc":0.9586,"class":5},{"acc":0.9666,"class":5},{"acc":0.9811,"class":5},{"acc":0.9074,"class":5},{"acc":0.8326,"class":5},{"acc":0.955,"class":5},{"acc":0.4362,"class":5},{"acc":0.8255,"class":5},{"acc":0.7032,"class":5},{"acc":0.7368,"class":5},{"acc":0.4746,"class":3},{"acc":0.9999,"class":5},{"acc":0.9768,"class":5},{"acc":0.9609,"class":5},{"acc":0.9972,"class":5},{"acc":0.9953,"class":5},{"acc":0.966,"class":5},{"acc":0.5325,"class":5},{"acc":0.9953,"class":5},{"acc":0.5343,"class":5},{"acc":0.7307,"class":5},{"acc":0.9186,"class":5},{"acc":0.9958,"class":5},{"acc":0.9981,"class":5},{"acc":0.6204,"class":0},{"acc":0.9034,"class":5},{"acc":0.9361,"class":5},{"acc":0.387,"class":5},{"acc":0.8609,"class":5},{"acc":0.6069,"class":5},{"acc":0.7631,"class":5},{"acc":0.9984,"class":5},{"acc":0.8551,"class":5},{"acc":0.638,"class":5},{"acc":0.7714,"class":5},{"acc":0.9976,"class":5},{"acc":0.3626,"class":3},{"acc":0.5207,"class":5},{"acc":0.377,"class":6},{"acc":0.99,"class":5},{"acc":0.9858,"class":5},{"acc":0.9308,"class":5},{"acc":0.904,"class":3}],"6":[{"acc":0.5827,"class":4},{"acc":0.4831,"class":0},{"acc":0.834,"class":6},{"acc":0.2916,"class":4},{"acc":0.4468,"class":4},{"acc":0.9992,"class":6},{"acc":0.7183,"class":6},{"acc":0.4567,"class":4},{"acc":0.4435,"class":4},{"acc":0.6019,"class":3},{"acc":0.3806,"class":2},{"acc":0.357,"class":6},{"acc":0.8677,"class":6},{"acc":0.9742,"class":5},{"acc":0.427,"class":4},{"acc":0.9109,"class":6},{"acc":0.6881,"class":6},{"acc":0.2112,"class":2},{"acc":0.4252,"class":4},{"acc":0.6196,"class":6},{"acc":0.2548,"class":6},{"acc":0.7765,"class":6},{"acc":0.337,"class":1},{"acc":0.4142,"class":4},{"acc":0.7111,"class":6},{"acc":0.4315,"class":3},{"acc":0.3648,"class":4},{"acc":0.5456,"class":6},{"acc":0.5316,"class":6},{"acc":0.3673,"class":6},{"acc":0.2601,"class":6},{"acc":0.9504,"class":6},{"acc":0.4088,"class":4},{"acc":0.5626,"class":6},{"acc":0.5702,"class":4},{"acc":0.5653,"class":6},{"acc":0.3383,"class":0},{"acc":0.7319,"class":2},{"acc":0.3322,"class":4},{"acc":0.3442,"class":6},{"acc":0.3296,"class":6},{"acc":0.9316,"class":6},{"acc":0.3552,"class":6},{"acc":0.2939,"class":3},{"acc":0.6383,"class":6},{"acc":0.3492,"class":4},{"acc":0.3625,"class":6},{"acc":0.6322,"class":4},{"acc":0.9947,"class":5},{"acc":0.2284,"class":5}]}